{"cameraMode":{"drawMode":0,"name":"Shaded","section":"Shading Mode"},"sceneLighting":false,"audioPlay":false,"sceneViewState":{"showFog":true,"showMaterialUpdate":false,"showSkybox":false,"showFlares":true,"showImageEffects":true,"showParticleSystems":true},"in2DMode":false,"pivot":{"x":0.011790037155151368,"y":3.0971598625183107,"z":0.06929504871368408},"rotation":{"x":-0.03010345809161663,"y":0.968100368976593,"z":-0.14334481954574586,"w":-0.2033095806837082},"size":8.582569122314454,"orthographic":true}