{"cameraMode":{"drawMode":0,"name":"Shaded","section":"Shading Mode"},"sceneLighting":false,"audioPlay":false,"sceneViewState":{"showFog":true,"showMaterialUpdate":false,"showSkybox":false,"showFlares":true,"showImageEffects":true,"showParticleSystems":true},"in2DMode":false,"pivot":{"x":1.1372795104980469,"y":0.9319185018539429,"z":-1.2132805585861207},"rotation":{"x":0.3849867582321167,"y":-0.029066674411296846,"z":0.012128378264605999,"w":0.9223902225494385},"size":4.295655250549316,"orthographic":true}