{"cameraMode":{"drawMode":0,"name":"Shaded","section":"Shading Mode"},"sceneLighting":false,"audioPlay":false,"sceneViewState":{"showFog":true,"showMaterialUpdate":false,"showSkybox":false,"showFlares":true,"showImageEffects":true,"showParticleSystems":true},"in2DMode":false,"pivot":{"x":4.5507049560546879,"y":1.5471599102020264,"z":-4.757899761199951},"rotation":{"x":-0.07854917645454407,"y":0.8683735132217407,"z":-0.14593638479709626,"w":-0.4674126207828522},"size":7.520877361297607,"orthographic":true}