{"cameraMode":{"drawMode":0,"name":"Shaded","section":"Shading Mode"},"sceneLighting":false,"audioPlay":false,"sceneViewState":{"showFog":true,"showMaterialUpdate":false,"showSkybox":false,"showFlares":true,"showImageEffects":true,"showParticleSystems":true},"in2DMode":false,"pivot":{"x":-1.030301809310913,"y":2.9579670429229738,"z":-11.860803604125977},"rotation":{"x":0.00003144078436889686,"y":-0.9999571442604065,"z":-0.0036017191596329214,"w":-0.00870356522500515},"size":8.103571891784668,"orthographic":true}